{"sizes": [1000, 2000, 3000, 4000, 5000, 6000, 7000, 8000, 9000, 10000, 11000, 12000, 13000, 14000, 15000, 16000, 17000, 18000, 19000, 20000, 21000, 22000, 23000, 24000, 25000, 26000, 27000, 28000, 29000, 30000, 31000, 32000, 33000, 34000, 35000, 36000, 37000, 38000, 39000, 40000, 41000, 42000, 43000, 44000, 45000, 46000, 47000, 48000, 49000, 50000, 51000, 52000, 53000, 54000, 55000, 56000, 57000, 58000, 59000, 60000, 61000, 62000, 63000, 64000, 65000, 66000, 67000, 68000, 69000, 70000, 71000, 72000, 73000, 74000, 75000, 76000, 77000, 78000, 79000, 80000, 81000, 82000, 83000, 84000, 85000, 86000, 87000, 88000, 89000, 90000, 91000, 92000, 93000, 94000, 95000, 96000, 97000, 98000, 99000, 100000], "ks": [143, 178, 199, 210, 218, 228, 235, 236, 238, 240, 246, 248, 250, 252, 253, 254, 256, 258, 260, 260, 261, 262, 262, 263, 265, 264, 264, 264, 264, 264, 265, 265, 266, 266, 266, 267, 267, 267, 267, 267, 267, 267, 267, 267, 268, 268, 268, 268, 269, 269, 269, 269, 269, 270, 270, 270, 270, 270, 270, 270, 270, 270, 270, 270, 270, 270, 270, 270, 271, 271, 270, 270, 270, 270, 270, 270, 270, 270, 270, 270, 270, 270, 270, 270, 270, 270, 270, 271, 271, 271, 271, 271, 271, 271, 271, 271, 270, 271, 270, 270], "smallest_gaps": [142, 177, 198, 209, 217, 227, 234, 235, 237, 239, 245, 247, 249, 251, 252, 253, 255, 257, 259, 259, 260, 261, 261, 262, 264, 263, 263, 263, 263, 263, 264, 264, 265, 265, 265, 266, 266, 266, 266, 266, 266, 266, 266, 266, 267, 267, 267, 267, 268, 268, 268, 268, 268, 269, 269, 269, 269, 269, 269, 269, 269, 269, 269, 269, 269, 269, 269, 269, 270, 270, 269, 269, 269, 269, 269, 269, 269, 269, 269, 269, 269, 269, 269, 269, 269, 269, 269, 270, 270, 270, 270, 270, 270, 270, 270, 270, 269, 270, 269, 269], "epsilon_order": [4.1983120457680934e-05, 1.608667835377442e-05, 1.2562824928161187e-05, 9.14632696415868e-06, 1.4689840003127841e-05, 1.549398476764774e-05, 8.665592469168926e-06, 1.7349282013044698e-05, 9.359566633886096e-06, 5.278462809836515e-06, 5.4745804641334606e-06, 1.1275493646739632e-05, 1.692184240572464e-05, 7.656764580265402e-06, 2.7499831218441573e-06, 5.613140097643354e-06, 1.1750332374011602e-05, 6.199606753604092e-06, 1.4733748786209533e-05, 2.0339790056111973e-05, 5.003774689996132e-06, 9.144471424013534e-06, 7.356217641120433e-06, 5.542330565551368e-06, 4.988616278973207e-06, 1.8714884181210423e-05, 7.026084669001231e-06, 8.932801811488422e-06, 6.436140333479501e-06, 6.57910700772521e-06, 1.6801070604997859e-06, 1.196008872086235e-05, 5.253027598371707e-06, 3.662641966439839e-06, 5.353889064439732e-06, 3.809367596488422e-06, 1.0528751127766856e-05, 5.8336725132571154e-06, 2.876988619393561e-06, 1.4037962942727022e-05, 2.909006836599587e-06, 5.204567163408225e-06, 2.4385184378312996e-06, 8.192380946368816e-06, 6.08475729346053e-06, 4.227546805121024e-06, 3.0001437385587804e-06, 1.2324990072962172e-05, 1.2634143814492516e-05, 1.3308332109322751e-05, 6.365666601976239e-06, 2.6067963024636875e-06, 9.206058212342383e-06, 9.465140028599994e-06, 8.670380116274079e-06, 2.940918882705923e-06, 5.439676901725088e-06, 4.802354604836745e-06, 1.0517954605958335e-05, 4.838338999672148e-06, 6.353848283336544e-06, 1.0054408610741389e-05, 1.1917427900874633e-06, 9.529948113227993e-06, 5.175209937955533e-06, 9.495220529232018e-06, 1.8880193548599655e-06, 2.8190924717813592e-06, 1.2852606416126344e-06, 4.435872133869145e-06, 1.1693880173385685e-05, 1.6659794820836349e-06, 7.66769111725657e-06, 1.0654165139067917e-05, 6.9544130300719376e-06, 4.035356296609727e-06, 2.5209189073623073e-05, 1.747204899177346e-05, 2.079686913274495e-05, 1.7684385359484356e-05, 1.2811114809909568e-05, 3.733042592019009e-06, 1.0560636663575762e-05, 8.744948173343425e-06, 9.49406113895726e-06, 5.901161524171639e-06, 1.044906946421828e-05, 8.124470813667545e-06, 9.440497334603504e-06, 2.139318984108185e-06, 4.461652040127495e-06, 6.180121533354288e-06, 4.94509072383742e-06, 2.6069691650004723e-06, 6.984966053655284e-06, 8.327269181901409e-06, 2.843338780554594e-06, 1.3761688502041125e-05, 9.171767876244019e-06, 1.2641996710353876e-05], "epsilon_threshold": [0.00014438392582039744, 7.193460523594042e-05, 2.7403166229636455e-05, 0.00017296691369857176, 6.188827559080318e-05, 9.890570091092982e-05, 0.00013269621426100636, 3.731182105964903e-05, 6.10853439418288e-05, 9.604352255024318e-05, 7.484652863701258e-05, 5.2674483111064124e-05, 7.629336537423245e-05, 6.614475113503326e-05, 6.170748005117008e-05, 0.00012460357537560224, 5.6209995785493766e-05, 5.607359744410831e-05, 0.00011869214939463912, 9.013202368783266e-05, 6.466483890530533e-05, 7.550639705024287e-05, 3.3642855096934626e-05, 0.00014841872022164013, 4.310321730021868e-05, 5.911519773234633e-05, 4.605358372446883e-05, 4.258281908800857e-05, 4.5452303562554947e-05, 3.6151856532412596e-05, 0.00014108792015838506, 0.00013617086635303935, 5.571513175533019e-05, 2.7453014463975356e-05, 1.759339079037206e-05, 3.757850565698148e-05, 4.965453598090169e-05, 3.360079390359039e-05, 4.981595829727306e-05, 8.208054837237702e-05, 8.186494126413354e-05, 5.0315426003044034e-05, 4.549900284418068e-05, 4.5414797519790356e-05, 5.0067384577533874e-05, 5.735611614091432e-05, 5.227257972948221e-05, 6.574887049742156e-05, 5.408416129896315e-05, 8.171987621766533e-05, 9.381697504547842e-05, 8.09930144352218e-05, 6.107557126398475e-05, 2.8561210469398718e-05, 2.8755897077934606e-05, 4.1320299325561805e-05, 1.0785386105636313e-05, 4.802354604836745e-06, 2.4190854130412554e-05, 4.336115377496716e-05, 5.369646666443864e-05, 4.195113463489192e-05, 3.6555475210513916e-05, 4.0442606268044357e-05, 2.8432117813455282e-05, 2.4663127749575964e-05, 2.1723591897851446e-05, 4.173116566156404e-05, 9.622359566787558e-05, 7.874580763160555e-05, 9.87662402757751e-05, 0.00010536658016515807, 9.070885827661135e-05, 0.0001084002388716844, 9.733316930968239e-05, 7.719203584098666e-05, 6.624210065638361e-05, 5.487626136706225e-05, 3.402894399456846e-05, 4.3829469872472965e-05, 6.436851157059359e-05, 7.144726013076294e-05, 4.4414726946846034e-05, 3.8321375831335686e-05, 4.791622322749059e-05, 6.632821622745699e-05, 6.047910038032428e-05, 0.00010301699198778103, 9.52311946971797e-05, 0.00010463962932107454, 8.587810094773385e-05, 9.40053989526117e-05, 9.310505703836666e-05, 8.158544556536793e-05, 7.644116086897093e-05, 9.40322240522394e-05, 0.00012964231166287185, 8.099497628888744e-05, 0.00013678435282915916, 0.0001272936050391929],