{"sizes": [1000, 2000, 3000, 4000, 5000, 6000, 7000, 8000, 9000, 10000, 11000, 12000, 13000, 14000, 15000, 16000, 17000, 18000, 19000, 20000, 21000, 22000, 23000, 24000, 25000, 26000, 27000, 28000, 29000, 30000, 31000, 32000, 33000, 34000, 35000, 36000, 37000, 38000, 39000, 40000, 41000, 42000, 43000, 44000, 45000, 46000, 47000, 48000, 49000, 50000, 51000, 52000, 53000, 54000, 55000, 56000, 57000, 58000, 59000, 60000, 61000, 62000, 63000, 64000, 65000, 66000, 67000, 68000, 69000, 70000, 71000, 72000, 73000, 74000, 75000, 76000, 77000, 78000, 79000, 80000, 81000, 82000, 83000, 84000, 85000, 86000, 87000, 88000, 89000, 90000, 91000, 92000, 93000, 94000, 95000, 96000, 97000, 98000, 99000, 100000], "spectral_norms": [72607.21271152138, 100979.04195849026, 122447.63083266889, 141482.95425031963, 157561.18052685712, 171227.01727698572, 184799.73951957602, 198090.8474540128, 210692.0924489449, 222480.4565002708, 232898.7874011288, 243301.17642649516, 253411.33288340754, 262239.46097821585, 271189.81849509146, 279871.4483392177, 287952.9222004763, 296106.3736272952, 304225.85047034954, 311742.114411068, 319227.65210211155, 326916.55566279805, 334621.30469551875, 341056.6226133824, 347740.7641122618, 355010.1260995143, 361336.98570203135, 368178.32191446284, 374986.2314917877, 381615.91303112113, 387355.803639874, 393260.4699396302, 398796.9949695448, 404892.66394603124, 410306.41671364283, 415523.53710841347, 421214.3293046579, 426542.80410355475, 432209.14618721214, 437795.4081104125, 443300.1076795076, 448735.7899089439, 453950.4124350758, 459181.6759198667, 464047.98458124, 468899.7345662417, 474374.25502290076, 479285.1186098868, 484208.6689831815, 489243.9954009482, 493917.1507334207, 498890.0000196392, 503803.507513223, 508480.26955306303, 512786.0627454497, 517520.823795098, 522139.82531239797, 526967.2763558191, 531437.654953124, 535682.8750725558, 540183.4164521124, 544237.1318746208, 549180.8565544895, 553388.3924874866, 557636.601595594, 562119.4697809942, 566183.6151315618, 570277.670762447, 574086.7358403304, 578400.1308110493, 583037.446741772, 587319.5500823332, 591383.8459573057, 595506.3777115828, 599743.8342381426, 603831.0819641169, 607892.1710003846, 611861.4457803923, 615670.8759551034, 619474.9974304332, 623433.005096982, 627066.9529785032, 631216.3392775467, 635114.9279253086, 638886.2642888793, 642344.8775365272, 646094.3144112594, 649703.8302240125, 653539.412581843, 657515.8112810624, 660996.7746376776, 664648.1393475777, 668372.4808885955, 671975.6074607224, 675376.6267451504, 679153.828990302, 682880.1397718509, 686371.2131110649, 689977.9649497187, 693626.1418589655]}